{"cameraMode":{"drawMode":0,"name":"Shaded","section":"Shading Mode"},"sceneLighting":false,"audioPlay":false,"sceneViewState":{"m_AlwaysRefresh":false,"showFog":true,"showSkybox":false,"showFlares":true,"showImageEffects":true,"showParticleSystems":true,"showVisualEffectGraphs":true,"m_FxEnabled":true},"in2DMode":false,"pivot":{"x":-0.00009232759475708008,"y":0.6336126923561096,"z":-0.012790381908416748},"rotation":{"x":0.035145122557878497,"y":-0.9523376226425171,"z":0.12035273760557175,"w":0.2781044840812683},"size":0.9892749190330505,"orthographic":false}