{"cameraMode":{"drawMode":0,"name":"Shaded","section":"Shading Mode"},"sceneLighting":false,"audioPlay":false,"sceneViewState":{"m_AlwaysRefresh":false,"showFog":true,"showSkybox":false,"showFlares":true,"showImageEffects":true,"showParticleSystems":true,"showVisualEffectGraphs":true,"m_FxEnabled":true},"in2DMode":false,"pivot":{"x":-0.027471184730529786,"y":1.412367582321167,"z":-0.003620147705078125},"rotation":{"x":-0.061521679162979129,"y":0.45052120089530947,"z":-0.03114340454339981,"w":-0.8901048302650452},"size":2.2165443897247316,"orthographic":false}