{"cameraMode":{"drawMode":0,"name":"Shaded","section":"Shading Mode"},"sceneLighting":false,"audioPlay":false,"sceneViewState":{"m_AlwaysRefresh":false,"showFog":true,"showSkybox":false,"showFlares":true,"showImageEffects":true,"showParticleSystems":true,"showVisualEffectGraphs":true,"m_FxEnabled":true},"in2DMode":false,"pivot":{"x":-1.5303606986999512,"y":0.6667619347572327,"z":0.026112429797649385},"rotation":{"x":0.035145122557878497,"y":-0.9523376226425171,"z":0.12035273760557175,"w":0.2781044840812683},"size":0.9892749190330505,"orthographic":false}